id,firstName,lastName,gender,email,country
597,first299,last299,Male,first299@gmail.com,INDIA
598,first300,last300,Male,first299@gmail.com,INDIA
599,first301,last301,Male,first299@gmail.com,INDIA
600,first302,last302,Male,first299@gmail.com,INDIA
601,first303,last303,Male,first299@gmail.com,INDIA
602,first304,last304,Male,first299@gmail.com,INDIA
603,first305,last305,Male,first299@gmail.com,INDIA
604,first306,last306,Male,first299@gmail.com,INDIA
605,first307,last307,Male,first299@gmail.com,INDIA
606,first308,last308,Male,first299@gmail.com,INDIA
607,first309,last309,Male,first299@gmail.com,INDIA
608,first310,last310,Male,first299@gmail.com,INDIA
609,first311,last311,Male,first299@gmail.com,INDIA
610,first312,last312,Male,first299@gmail.com,INDIA
611,first313,last313,Male,first299@gmail.com,INDIA
612,first314,last314,Male,first299@gmail.com,INDIA
613,first315,last315,Male,first299@gmail.com,INDIA
614,first316,last316,Male,first299@gmail.com,INDIA
615,first317,last317,Male,first299@gmail.com,INDIA
616,first318,last318,Male,first299@gmail.com,INDIA
617,first319,last319,Male,first299@gmail.com,INDIA
618,first320,last320,Male,first299@gmail.com,INDIA
619,first321,last321,Male,first299@gmail.com,INDIA
620,first322,last322,Male,first299@gmail.com,INDIA
621,first323,last323,Male,first299@gmail.com,INDIA
622,first324,last324,Male,first299@gmail.com,INDIA
623,first325,last325,Male,first299@gmail.com,INDIA
624,first326,last326,Male,first299@gmail.com,INDIA
625,first327,last327,Male,first299@gmail.com,INDIA
626,first328,last328,Male,first299@gmail.com,INDIA
627,first329,last329,Male,first299@gmail.com,INDIA
628,first330,last330,Male,first299@gmail.com,INDIA
629,first331,last331,Male,first299@gmail.com,INDIA
630,first332,last332,Male,first299@gmail.com,INDIA
631,first333,last333,Male,first299@gmail.com,INDIA
632,first334,last334,Male,first299@gmail.com,INDIA
633,first335,last335,Male,first299@gmail.com,INDIA
634,first336,last336,Male,first299@gmail.com,INDIA
635,first337,last337,Male,first299@gmail.com,INDIA
636,first338,last338,Male,first299@gmail.com,INDIA
637,first339,last339,Male,first299@gmail.com,INDIA
638,first340,last340,Male,first299@gmail.com,INDIA
639,first341,last341,Male,first299@gmail.com,INDIA
640,first342,last342,Male,first299@gmail.com,INDIA
641,first343,last343,Male,first299@gmail.com,INDIA
642,first344,last344,Male,first299@gmail.com,INDIA
643,first345,last345,Male,first299@gmail.com,INDIA
644,first346,last346,Male,first299@gmail.com,INDIA
645,first347,last347,Male,first299@gmail.com,INDIA
646,first348,last348,Male,first299@gmail.com,INDIA
647,first349,last349,Male,first299@gmail.com,INDIA
648,first350,last350,Male,first299@gmail.com,INDIA
649,first351,last351,Male,first299@gmail.com,INDIA
650,first352,last352,Male,first299@gmail.com,INDIA
651,first353,last353,Male,first299@gmail.com,INDIA
652,first354,last354,Male,first299@gmail.com,INDIA
653,first355,last355,Male,first299@gmail.com,INDIA
654,first356,last356,Male,first299@gmail.com,INDIA
655,first357,last357,Male,first299@gmail.com,INDIA
656,first358,last358,Male,first299@gmail.com,INDIA
657,first359,last359,Male,first299@gmail.com,INDIA
658,first360,last360,Male,first299@gmail.com,INDIA
659,first361,last361,Male,first299@gmail.com,INDIA
660,first362,last362,Male,first299@gmail.com,INDIA
661,first363,last363,Male,first299@gmail.com,INDIA
662,first364,last364,Male,first299@gmail.com,INDIA
663,first365,last365,Male,first299@gmail.com,INDIA
664,first366,last366,Male,first299@gmail.com,INDIA
665,first367,last367,Male,first299@gmail.com,INDIA
666,first368,last368,Male,first299@gmail.com,INDIA
667,first369,last369,Male,first299@gmail.com,INDIA
668,first370,last370,Male,first299@gmail.com,INDIA
669,first371,last371,Male,first299@gmail.com,INDIA
670,first372,last372,Male,first299@gmail.com,INDIA
671,first373,last373,Male,first299@gmail.com,INDIA
672,first374,last374,Male,first299@gmail.com,INDIA
673,first375,last375,Male,first299@gmail.com,INDIA
674,first376,last376,Male,first299@gmail.com,INDIA
675,first377,last377,Male,first299@gmail.com,INDIA
676,first378,last378,Male,first299@gmail.com,INDIA
677,first379,last379,Male,first299@gmail.com,INDIA
678,first380,last380,Male,first299@gmail.com,INDIA
679,first381,last381,Male,first299@gmail.com,INDIA
680,first382,last382,Male,first299@gmail.com,INDIA
681,first383,last383,Male,first299@gmail.com,INDIA
682,first384,last384,Male,first299@gmail.com,INDIA
683,first385,last385,Male,first299@gmail.com,INDIA
684,first386,last386,Male,first299@gmail.com,INDIA
685,first387,last387,Male,first299@gmail.com,INDIA
686,first388,last388,Male,first299@gmail.com,INDIA
687,first389,last389,Male,first299@gmail.com,INDIA
688,first390,last390,Male,first299@gmail.com,INDIA
689,first391,last391,Male,first299@gmail.com,INDIA
690,first392,last392,Male,first299@gmail.com,INDIA
691,first393,last393,Male,first299@gmail.com,INDIA
692,first394,last394,Male,first299@gmail.com,INDIA
693,first395,last395,Male,first299@gmail.com,INDIA
694,first396,last396,Male,first299@gmail.com,INDIA
695,first397,last397,Male,first299@gmail.com,INDIA
696,first398,last398,Male,first299@gmail.com,INDIA
697,first399,last399,Male,first299@gmail.com,INDIA
698,first400,last400,Male,first299@gmail.com,INDIA
699,first401,last401,Male,first299@gmail.com,INDIA
700,first402,last402,Male,first299@gmail.com,INDIA
701,first403,last403,Male,first299@gmail.com,INDIA
702,first404,last404,Male,first299@gmail.com,INDIA
703,first405,last405,Male,first299@gmail.com,INDIA
704,first406,last406,Male,first299@gmail.com,INDIA
705,first407,last407,Male,first299@gmail.com,INDIA
706,first408,last408,Male,first299@gmail.com,INDIA
707,first409,last409,Male,first299@gmail.com,INDIA
708,first410,last410,Male,first299@gmail.com,INDIA
709,first411,last411,Male,first299@gmail.com,INDIA
710,first412,last412,Male,first299@gmail.com,INDIA
711,first413,last413,Male,first299@gmail.com,INDIA
712,first414,last414,Male,first299@gmail.com,INDIA
713,first415,last415,Male,first299@gmail.com,INDIA
714,first416,last416,Male,first299@gmail.com,INDIA
715,first417,last417,Male,first299@gmail.com,INDIA
716,first418,last418,Male,first299@gmail.com,INDIA
717,first419,last419,Male,first299@gmail.com,INDIA
718,first420,last420,Male,first299@gmail.com,INDIA
719,first421,last421,Male,first299@gmail.com,INDIA
720,first422,last422,Male,first299@gmail.com,INDIA
721,first423,last423,Male,first299@gmail.com,INDIA
722,first424,last424,Male,first299@gmail.com,INDIA
723,first425,last425,Male,first299@gmail.com,INDIA
724,first426,last426,Male,first299@gmail.com,INDIA
725,first427,last427,Male,first299@gmail.com,INDIA
726,first428,last428,Male,first299@gmail.com,INDIA
727,first429,last429,Male,first299@gmail.com,INDIA
728,first430,last430,Male,first299@gmail.com,INDIA
729,first431,last431,Male,first299@gmail.com,INDIA
730,first432,last432,Male,first299@gmail.com,INDIA
731,first433,last433,Male,first299@gmail.com,INDIA
732,first434,last434,Male,first299@gmail.com,INDIA
733,first435,last435,Male,first299@gmail.com,INDIA
734,first436,last436,Male,first299@gmail.com,INDIA
735,first437,last437,Male,first299@gmail.com,INDIA
736,first438,last438,Male,first299@gmail.com,INDIA
737,first439,last439,Male,first299@gmail.com,INDIA
738,first440,last440,Male,first299@gmail.com,INDIA
739,first441,last441,Male,first299@gmail.com,INDIA
740,first442,last442,Male,first299@gmail.com,INDIA
741,first443,last443,Male,first299@gmail.com,INDIA
742,first444,last444,Male,first299@gmail.com,INDIA
743,first445,last445,Male,first299@gmail.com,INDIA
744,first446,last446,Male,first299@gmail.com,INDIA
745,first447,last447,Male,first299@gmail.com,INDIA
746,first448,last448,Male,first299@gmail.com,INDIA
747,first449,last449,Male,first299@gmail.com,INDIA
748,first450,last450,Male,first299@gmail.com,INDIA
749,first451,last451,Male,first299@gmail.com,INDIA
750,first452,last452,Male,first299@gmail.com,INDIA
751,first453,last453,Male,first299@gmail.com,INDIA
752,first454,last454,Male,first299@gmail.com,INDIA
753,first455,last455,Male,first299@gmail.com,INDIA
754,first456,last456,Male,first299@gmail.com,INDIA
755,first457,last457,Male,first299@gmail.com,INDIA
756,first458,last458,Male,first299@gmail.com,INDIA
757,first459,last459,Male,first299@gmail.com,INDIA
758,first460,last460,Male,first299@gmail.com,INDIA
759,first461,last461,Male,first299@gmail.com,INDIA
760,first462,last462,Male,first299@gmail.com,INDIA
761,first463,last463,Male,first299@gmail.com,INDIA
762,first464,last464,Male,first299@gmail.com,INDIA
763,first465,last465,Male,first299@gmail.com,INDIA
764,first466,last466,Male,first299@gmail.com,INDIA
765,first467,last467,Male,first299@gmail.com,INDIA
766,first468,last468,Male,first299@gmail.com,INDIA
767,first469,last469,Male,first299@gmail.com,INDIA
768,first470,last470,Male,first299@gmail.com,INDIA
769,first471,last471,Male,first299@gmail.com,INDIA
770,first472,last472,Male,first299@gmail.com,INDIA
771,first473,last473,Male,first299@gmail.com,INDIA
772,first474,last474,Male,first299@gmail.com,INDIA
773,first475,last475,Male,first299@gmail.com,INDIA
774,first476,last476,Male,first299@gmail.com,INDIA
775,first477,last477,Male,first299@gmail.com,INDIA
776,first478,last478,Male,first299@gmail.com,INDIA
777,first479,last479,Male,first299@gmail.com,INDIA
778,first480,last480,Male,first299@gmail.com,INDIA
779,first481,last481,Male,first299@gmail.com,INDIA
780,first482,last482,Male,first299@gmail.com,INDIA
781,first483,last483,Male,first299@gmail.com,INDIA
782,first484,last484,Male,first299@gmail.com,INDIA
783,first485,last485,Male,first299@gmail.com,INDIA
784,first486,last486,Male,first299@gmail.com,INDIA
785,first487,last487,Male,first299@gmail.com,INDIA
786,first488,last488,Male,first299@gmail.com,INDIA
787,first489,last489,Male,first299@gmail.com,INDIA
788,first490,last490,Male,first299@gmail.com,INDIA
789,first491,last491,Male,first299@gmail.com,INDIA
790,first492,last492,Male,first299@gmail.com,INDIA
791,first493,last493,Male,first299@gmail.com,INDIA
792,first494,last494,Male,first299@gmail.com,INDIA
793,first495,last495,Male,first299@gmail.com,INDIA
794,first496,last496,Male,first299@gmail.com,INDIA
795,first497,last497,Male,first299@gmail.com,INDIA
796,first498,last498,Male,first299@gmail.com,INDIA
797,first499,last499,Male,first299@gmail.com,INDIA
798,first500,last500,Male,first299@gmail.com,INDIA
799,first501,last501,Male,first299@gmail.com,INDIA
800,first502,last502,Male,first299@gmail.com,INDIA
801,first503,last503,Male,first299@gmail.com,INDIA
802,first504,last504,Male,first299@gmail.com,INDIA
803,first505,last505,Male,first299@gmail.com,INDIA
804,first506,last506,Male,first299@gmail.com,INDIA
805,first507,last507,Male,first299@gmail.com,INDIA
806,first508,last508,Male,first299@gmail.com,INDIA
807,first509,last509,Male,first299@gmail.com,INDIA
808,first510,last510,Male,first299@gmail.com,INDIA
809,first511,last511,Male,first299@gmail.com,INDIA
810,first512,last512,Male,first299@gmail.com,INDIA
811,first513,last513,Male,first299@gmail.com,INDIA
812,first514,last514,Male,first299@gmail.com,INDIA
813,first515,last515,Male,first299@gmail.com,INDIA
814,first516,last516,Male,first299@gmail.com,INDIA
815,first517,last517,Male,first299@gmail.com,INDIA
816,first518,last518,Male,first299@gmail.com,INDIA
817,first519,last519,Male,first299@gmail.com,INDIA
818,first520,last520,Male,first299@gmail.com,INDIA
819,first521,last521,Male,first299@gmail.com,INDIA
820,first522,last522,Male,first299@gmail.com,INDIA
821,first523,last523,Male,first299@gmail.com,INDIA
822,first524,last524,Male,first299@gmail.com,INDIA
823,first525,last525,Male,first299@gmail.com,INDIA
824,first526,last526,Male,first299@gmail.com,INDIA
825,first527,last527,Male,first299@gmail.com,INDIA
826,first528,last528,Male,first299@gmail.com,INDIA
827,first529,last529,Male,first299@gmail.com,INDIA
828,first530,last530,Male,first299@gmail.com,INDIA
829,first531,last531,Male,first299@gmail.com,INDIA
830,first532,last532,Male,first299@gmail.com,INDIA
831,first533,last533,Male,first299@gmail.com,INDIA
832,first534,last534,Male,first299@gmail.com,INDIA
833,first535,last535,Male,first299@gmail.com,INDIA
834,first536,last536,Male,first299@gmail.com,INDIA
835,first537,last537,Male,first299@gmail.com,INDIA
836,first538,last538,Male,first299@gmail.com,INDIA
837,first539,last539,Male,first299@gmail.com,INDIA
838,first540,last540,Male,first299@gmail.com,INDIA
839,first541,last541,Male,first299@gmail.com,INDIA
840,first542,last542,Male,first299@gmail.com,INDIA
841,first543,last543,Male,first299@gmail.com,INDIA
842,first544,last544,Male,first299@gmail.com,INDIA
843,first545,last545,Male,first299@gmail.com,INDIA
844,first546,last546,Male,first299@gmail.com,INDIA
845,first547,last547,Male,first299@gmail.com,INDIA
846,first548,last548,Male,first299@gmail.com,INDIA
847,first549,last549,Male,first299@gmail.com,INDIA
848,first550,last550,Male,first299@gmail.com,INDIA
849,first551,last551,Male,first299@gmail.com,INDIA
850,first552,last552,Male,first299@gmail.com,INDIA
851,first553,last553,Male,first299@gmail.com,INDIA
852,first554,last554,Male,first299@gmail.com,INDIA
853,first555,last555,Male,first299@gmail.com,INDIA
854,first556,last556,Male,first299@gmail.com,INDIA
855,first557,last557,Male,first299@gmail.com,INDIA
856,first558,last558,Male,first299@gmail.com,INDIA
857,first559,last559,Male,first299@gmail.com,INDIA
858,first560,last560,Male,first299@gmail.com,INDIA
859,first561,last561,Male,first299@gmail.com,INDIA
860,first562,last562,Male,first299@gmail.com,INDIA
861,first563,last563,Male,first299@gmail.com,INDIA
862,first564,last564,Male,first299@gmail.com,INDIA
863,first565,last565,Male,first299@gmail.com,INDIA
864,first566,last566,Male,first299@gmail.com,INDIA
865,first567,last567,Male,first299@gmail.com,INDIA
866,first568,last568,Male,first299@gmail.com,INDIA
867,first569,last569,Male,first299@gmail.com,INDIA
868,first570,last570,Male,first299@gmail.com,INDIA
869,first571,last571,Male,first299@gmail.com,INDIA
870,first572,last572,Male,first299@gmail.com,INDIA
871,first573,last573,Male,first299@gmail.com,INDIA
872,first574,last574,Male,first299@gmail.com,INDIA
873,first575,last575,Male,first299@gmail.com,INDIA
874,first576,last576,Male,first299@gmail.com,INDIA
875,first577,last577,Male,first299@gmail.com,INDIA
876,first578,last578,Male,first299@gmail.com,INDIA
877,first579,last579,Male,first299@gmail.com,INDIA
878,first580,last580,Male,first299@gmail.com,INDIA
879,first581,last581,Male,first299@gmail.com,INDIA
880,first582,last582,Male,first299@gmail.com,INDIA
881,first583,last583,Male,first299@gmail.com,INDIA
882,first584,last584,Male,first299@gmail.com,INDIA
883,first585,last585,Male,first299@gmail.com,INDIA
884,first586,last586,Male,first299@gmail.com,INDIA
885,first587,last587,Male,first299@gmail.com,INDIA
886,first588,last588,Male,first299@gmail.com,INDIA
887,first589,last589,Male,first299@gmail.com,INDIA
888,first590,last590,Male,first299@gmail.com,INDIA
889,first591,last591,Male,first299@gmail.com,INDIA
890,first592,last592,Male,first299@gmail.com,INDIA
891,first593,last593,Male,first299@gmail.com,INDIA
892,first594,last594,Male,first299@gmail.com,INDIA
893,first595,last595,Male,first299@gmail.com,INDIA
894,first596,last596,Male,first299@gmail.com,INDIA
